,0,1,2,3,4,5,6,7,8,9,10,11,12,13,14,sequence
0,85.748535,-43.604465,-7.5504327,13.112016,29.889511,-14.559191,-19.95113,47.777534,-49.283405,16.588003,7.709375,43.72729,-25.944311,12.982611,56.04069,XTLSLTCTVSGGSISSGSYYWGWVRQPPGKGLEWIGSIYYSGDTYYNPSLESRITISVDTSKNQFSLKLSSVTATDTAVYY
1,73.4065,-37.452168,11.836224,14.657441,17.856447,-4.49154,9.477577,55.028713,-30.241467,21.686285,18.921078,16.019913,-6.6973658,24.492142,59.48056,XRSLRLSCAASGFTFDDYTMHWVRQAPGKGLEWVSAISGSGGSTYYADSVKGRFTISRDNSKNTLYLQMNSLRAEDTAVYY
2,64.39442,23.367548,28.342264,-6.0609264,-23.280249,5.731554,10.330638,58.157692,-35.838074,14.325341,53.570786,10.448131,-43.165493,26.868517,79.12132,QVQLKQSGAELVRPGASVKLSCKASGYTFTDYYINWVKQRPGQGLEWIARIYPGSGNTYYNEKFKGKATLTAEKSSSTAYMQLSSLTSEDSAVYF
3,83.44642,-28.672758,8.497859,12.578537,13.343002,-20.334002,-6.495465,51.02533,-37.78999,22.668917,13.593521,30.966686,-16.144636,16.096098,58.926586,XTLSLTCSVSGDSIGTRYYWGWIRQPPGKGLKWIGNVHHTGNTYFSPSLKSRVTMSLDRSKNQFSLKVKSMTAADTAVYY
4,67.01968,-12.915121,3.4409215,-0.9639976,16.18575,2.8530016,4.9602118,51.057743,-28.243996,27.995096,2.9074953,33.78109,0.46758366,33.9231,67.99411,XSLRLSCAASGFSFSSYTMDWVRQAPGKGLEWVASISSSSSYIYYADSVKGRFTVSRANGKSSLFLQMNSLRAEDTAVYY
5,80.89985,-21.986822,4.1872344,1.894299,14.923445,-17.267824,-9.775585,45.14362,-28.857065,22.52323,6.761513,30.820887,-17.706808,9.980261,60.16978,XTLSLTCVVSGYSISSGYYWGWIRQPPGKGLEWIGSISHTGSTYYNPSLKSRVTISLDTSKNHFSLRLTSVTAADAAVYS
6,85.806145,-41.84156,-1.533564,10.220085,29.335796,-15.264493,-17.171637,47.89904,-48.05043,15.727691,6.8660316,40.365345,-20.28538,12.461382,55.32061,XTLSLTCTVSGGSMNIGVLYWGWIRQPPGKGLEWIGSIYYSGSTYYNPSLKSRVTISVDTSKNQFSLKLSSVTAADTAVYY
7,68.53033,-14.94765,9.643648,-6.559898,11.967894,-9.5294285,-5.3068957,46.720062,-39.187393,20.676573,8.706859,43.017536,-10.294921,29.160559,70.52428,XSLRLSCAASGFTFSDYSMNWVRQAPGKGLEWVSYIASNRRTIYYADSARGRFTISRDNAKNSLYLQMSSLRAEDTAVYY
8,75.24304,-35.591297,2.8479784,5.0055413,29.065323,-26.22751,-6.1362505,36.134445,-42.03086,17.419092,12.709021,36.571396,-8.099822,18.252909,58.303738,XTLSLTCAVYGGSFSGYYWSWIRQPPGKGLEWIGEINHSGSTNYNPSLTGRVTISVDTSKNQLSLKLRSVTAADTAVYY
9,69.94413,-11.271519,9.605543,-3.674607,6.594153,-11.850055,-0.64662635,46.345417,-28.593544,5.4588146,-1.5112431,31.543417,-9.842067,35.183323,52.78223,TLSLTCAVYGGSFSGYYWSWIRQPPGKGLEWIGEINHSGSTNYNPSLKSRVTISVDTSKNQFSLKLSSVTAADTAVYY
10,57.338764,-14.684168,11.858223,-2.9554207,8.59815,2.548255,4.74997,55.534813,-29.652317,21.061815,10.669139,26.300825,-8.87622,30.182392,66.405,GSLRLSCAASGFTFSSYAMHWVRQAPGKGLEWVAVISYDGSNKYYADSVKGRFTISRDNAKNSLYLQMNSLRAEDTAVYY
11,72.73884,6.3975844,-3.6670382,17.233276,-4.7384715,8.00183,43.219315,47.04814,-35.168583,-15.64612,-14.1366625,31.562176,18.69837,87.49787,22.443401,EVQLVESGGGLVKPGGSLRLSCAASGFTFSSYSMNWVRQAPGKGLEWVSSISSSSSYIYYADSVKGRFTISRDNAKNSLYLQMNSLRAEDTAVYY
12,87.90686,-9.847788,14.958929,-7.292026,8.375174,-13.671966,-23.733385,55.858162,-70.48107,9.195993,16.837236,66.94967,-29.211058,42.635105,78.09708,VKVVESGAELARPGASVKMSCKASGYTFTSYTMHWVKQRPGQGLEWIGYINPSSGYTNYNQKFKDKATLTADKSSSTAYMQLSSLTSEDSAVYY
13,89.28324,-28.121782,-9.568754,7.6555753,32.19459,-19.96022,-24.771097,34.387367,-49.904938,17.83844,-0.10393828,53.964874,-13.796317,15.44033,51.72318,XTLSLTCTVSGGSISGSSYYWGWIRQPPGKGLEWIGSTYYNPSLKSRVTISVDTSKNQFSLKLSSVTAADTAVYY
14,78.59317,-41.317467,13.185444,11.908782,14.016071,-23.822786,-5.443846,60.849968,-54.064808,18.775915,14.506285,46.92546,-13.465247,32.455456,69.42006,XSVKVSCKASGGTFSSYTISWVRQAPGQGLEWMGRIIPILGIANYAQKFQGRVTITADKSTSTAYMELSSLRSEDTAVYY
15,72.50539,17.31318,0.9302446,25.285568,-19.137873,18.493486,36.43494,83.24389,-29.656021,21.235775,42.986202,2.0335736,-37.872166,56.806362,71.310394,EVQLEESGAEVKKPGSSVKVSCKASGGTFSSYAISWVRQAPGQGLEWMGGIIPIFGTANYAQKFQGRVTITADESTSTAYMELSSLRSEDTAVYY
16,70.08001,-21.880657,2.4613721,4.151601,19.580164,-5.7676096,-1.334206,53.671837,-28.309065,29.93335,12.459166,25.406923,-14.762416,22.611914,69.58943,XSLRLSCPTSVITFTSYAVTWVRQAPGKGLEWVSAISGGDGAAYYADSVRGRFTISRDTSKNTVYLQMNSLRVEDTALYY
17,67.382675,-14.775883,7.2193656,2.579913,12.097469,6.6232977,9.805819,59.82129,-28.622065,26.026041,6.905112,27.437296,-2.8929853,36.831932,68.89068,GSLRLSCAASGFTFSSYSMNWVRQAPGKGLEWVSSISSSSSYIYYADSVKGRFTISRDNAKNSLYLQMNSLRAEDTAVYY
18,85.813385,-50.226833,4.979955,19.516653,23.265491,-23.305119,-2.927706,51.354958,-34.724575,21.957598,24.25419,25.207983,-20.843912,17.362673,67.68732,XRSLRLSCVASGFTFSSHGMHWVRQAPGKGLEWVGVIWHDGSKKYYADSVKGRFTISRDNAKNTLYVQMNSLRAEDTAVYY
19,73.436775,-23.208443,-5.0356565,-2.4543617,37.8189,-33.66726,-42.790268,15.078489,-47.78788,20.727087,20.31458,40.013283,-31.377388,-21.997934,51.44004,QITLKESGPTLVKPTQTLTLTCTFSGFSLSTTGVGVGWVRQPPGKALEWLALIYWSDIKHFNPYLMSRLTITKDTSKNQVILTMTDMDPVDTATYF
20,103.08049,-46.860607,-4.827107,22.29733,28.230326,-30.395721,-19.455658,48.98487,-65.5527,10.871338,6.462472,59.287453,-19.288565,27.160238,53.468243,QSGAEVKKPGESLKISCKGSGYSFTSYWIGWVRQMPGKGLEWMGIIYPGDSDTRYSPSFQGQVTISADKSISTAYLQWSSLKASDTAMYY
21,57.185394,-11.823637,-14.71106,3.950044,20.453667,-17.79188,2.4780996,17.01935,-24.30664,9.859833,19.5266,23.234495,-17.626661,12.878795,48.065006,XKGLEWIGEINHSGSTNYNPSLKSRVTISVDTSKNQFSLKLSPVTAADTAVYY
22,73.74197,9.970738,52.169746,-2.8155086,-22.010012,11.169543,18.384783,81.20559,-50.594894,24.317856,38.709667,19.780293,-9.547484,41.918327,78.59282,QVQLVQSGAEVKKPGASVKVSCKASGYTFTGYYMHWVRQAPGQGLEWMGWINPNSGGTNYAQKFQGRVTMTRDTSISTAYMELSRLRSDDTAVYY
23,76.98861,1.900392,47.953568,-6.0410204,-15.333737,17.686666,19.67221,79.47383,-49.72621,13.24755,41.58861,11.961636,-22.565645,44.87076,76.65476,QVQLVQSGAEVKKPGASVKVSCKASGYTFTAYYIHWVRQAPGQGLEWMGRINPHSGSTNYEQKFQGRVTMTMDTSISTAYMDLSRLRSDDTAVYY
24,71.364815,6.8947,10.27421,12.932652,-13.840057,14.258393,38.727932,58.464104,-31.932974,-11.196272,-13.317949,25.700062,15.608859,78.01189,25.740875,EVQLVESGGGLVKPGGSLRISCGASGFSLRSYTMHWVRQAPGKGLEWVASISASSSYLYYSDSVKGRFTISRDNAKNSLYLQMNSLGVEDTAVYF
25,75.94257,-39.654453,17.487553,18.385834,10.722612,-12.295989,-5.2456226,69.27082,-58.794846,24.51039,17.816353,43.68861,-11.205924,30.67921,65.51569,XGGSLRLSCAPSGFTFRDYRMSSVRPAPGKGLEGVAPISTVSTYTFYGDSVKGRFTISRDNAKNSLYLQMSYLTAEDTAVYY
26,59.628574,-22.315939,13.859779,1.4662783,12.116032,-8.827579,-0.37355885,58.993416,-34.75172,31.274939,25.235,20.121948,-20.796741,12.668394,72.36078,RSLRLSCVASGFTLSKHGMHWVRQAPGKGLEWVAVIWYDGTSKYYGDFVKGRFTISRDNSKKTVELEMNSLRGDDTAVYY
27,72.1169,7.534082,-3.061806,16.649446,-5.28068,8.109948,42.903076,46.96285,-34.97369,-15.831201,-13.915737,31.040985,18.296785,87.29086,22.377748,QVQLVESGGGLVKPGGSLRLSCAASGFTFSSYSMNWVRQAPGKGLEWVSSISSSSSYIYYADSVKGRFTISRDNAKNSLYLQMNSLRAEDTAVYY
28,71.35783,-9.394097,4.155604,4.782595,10.706416,-11.064599,-3.5706532,42.737076,-32.42886,6.3005934,1.2428505,26.200045,-12.496837,26.996428,40.683956,TLSLTCTVSGGSISSYYWSWIRQPPGKGLEWIGYIYSSGSTNYNPSLKSRVSISVDTSKNQFSLKLSSVTAADTAVYY
29,76.18996,-27.730175,9.541964,2.08262,13.206383,-18.70241,-8.652507,43.76134,-38.22695,10.787388,10.6722145,32.24619,-19.793852,16.31683,55.36337,TLSLTCTVSGGSISSGGYYWSWIRQHPGKGLEWIGYIYYSGSTNYNPSLKSRVTISVDTSKNQFSLKLSSVTAADTAVYY
30,77.7773,-40.913677,12.56045,12.828677,15.043301,-24.464584,-6.5023885,58.70186,-53.48451,18.685987,14.575722,45.989704,-12.642123,30.601854,67.330345,XSVKVSCKASGGTFGSYTISWVRQAPGQGLEWMGRIIPILGIANYAQKFQGRVTITADKSTSTAYMELSSLRSEDTAVYY
31,105.37704,-24.305042,-10.364025,-11.877049,30.973589,-24.279894,-25.429108,37.34681,-63.533745,0.23091531,-12.291927,85.599495,-15.395015,48.67799,72.53296,XQLVQSGAEVKKPGESLKISCKGSGYSFTSYWIGWVRQMPGKGLEWMGIIYPGDSDTRYSPSFQGQVTISADKSISTAYLQWSSLKASDTAMYY
32,52.621487,24.8116,34.83403,0.97517943,-20.368273,26.915094,13.923172,56.89055,-61.67991,-10.661253,56.66397,-0.80008495,-46.08763,40.296604,41.18402,QVHVKQPGAELVKPGASVKLSCKASGYTFTSYWMQWVKQRPGQGLEWIGEIDPSDSYTNYNQKFKGKATLTVDTSSSTAYMQLSSLTSEDSAVYY
33,84.10552,-28.66337,10.079636,7.969671,14.475336,-8.260009,-5.0574317,62.98893,-53.85125,7.529852,2.0197046,39.28839,-16.238382,35.079464,49.79962,XSETLSLTCAVSGGFVSSCSYFWGWIRQPPGKGLEFVGSIYYSGSSYYHPSLKSRVTISIDTSKNQFSLKLYSVTAADTALYY
34,62.468105,5.0411716,27.392475,10.039878,-23.242079,8.618269,28.834848,87.42664,-29.400326,24.544157,12.144482,21.027573,-1.1410322,58.88576,68.39531,QDQLVQSGGGVVQPGRSLRLLCAASGVTFNGHGMHWVRQAPGKGLEWVAMVWYNGRNKYYADSVEGRFTISRDDSKDTVYLEINGLRGEDTAIYF
35,67.77065,-4.3567033,0.028821632,-7.4175243,17.97775,-2.7975264,-5.6194367,41.628212,-19.864578,24.736025,-2.1097243,29.465942,-5.9084654,20.684874,61.56317,WSLRLSCTGSGFKFNDYAIHWVRQPPGKGLEWVSGISWDSGSRVFADSVKGRFSISRDNAKNSADLQMNSLKVEDTALYY
36,64.04854,15.324353,15.3394165,1.2165267,-19.75178,16.759398,38.071632,65.081215,-30.277336,-2.9341009,10.813956,20.478071,-7.1377287,75.90809,55.353233,QVQLVESGGGVVQPGRSLRLSCAAYGFTLSSYGMHWVRQAPGKGLEWVAVIWYDGSNKYYADSVKGRFTISRDNSKNTLYLQMNSLRAEDTAVYY
37,72.73312,-23.671225,10.020336,1.5273354,10.974239,-18.944462,-10.454642,46.000233,-39.32038,13.433266,19.393847,28.977936,-28.515812,12.674476,59.350586,TLSLTCTVSGGSISSGSYYWSWIRQPAGKGLEWIGRFYTRGSTNYNPSLKSRVTISVDTSKNQFSLKLTSVTAADTAVYY
38,71.26237,-10.598347,4.8804975,-8.646389,11.80249,-13.508043,-7.384783,38.16907,-34.212936,2.6923354,2.6319368,35.94426,-17.746346,27.91345,53.704887,TLSLTCTVSGGSISSYYWSWIRQPPGKGLEWIGYIYYSGSTNYNPSLKSRVTISVDTSKNQFSLKLSSVTAADTAVYY
39,87.12969,-44.452686,-2.6942275,12.202124,29.902748,-17.33469,-19.802187,50.133057,-51.446877,22.156656,12.801117,40.961174,-27.231955,7.0700006,59.66792,XTLSLTCTVSGGSISSSSYYCGWIRQPPGKGLEWIGSIYYSGSTYYNPSLKSRVTISVDTAKNQFSLKLSSVTAADTAVYY
40,78.13149,-20.30568,1.8402859,0.7358289,16.239618,-14.269813,-13.22759,39.096,-32.95148,15.878392,13.9413185,27.910786,-28.144098,6.8542867,56.834473,TLSLTCTVSGGSISSSSYYWGWIRQPPGKGLEWIGSIYYSGSTYYNPSLKSRVTISVDTSKNQFSLKLSSVTAADTAVYY
41,78.13149,-20.30568,1.8402859,0.73582864,16.239618,-14.269813,-13.22759,39.096,-32.95148,15.878392,13.9413185,27.910786,-28.144098,6.8542867,56.834473,TLSLTCTVSGGSISSSSYYWGWIRQPPGKGLEWIGSIYYSGSTYYNPSLKSRVTISVDTSKNQFSLKLSSVTAADTAVYY
42,68.1952,-24.223894,9.863701,5.9315443,12.823805,-10.288232,4.591946,60.429466,-35.97565,30.63211,16.313845,29.260683,-10.17612,24.334139,71.6308,XSLRLSCAASGFTFSSYGMHWVRQAPGKGLEWVAVIWFDGNNKYYADSVKGRFTISRDNSKNTLYLQMNSLRAEDTAVYY
43,71.91274,-16.385002,-1.9881138,-1.3848178,18.818708,0.5671338,-1.7610897,52.58377,-26.904327,28.092337,8.4099245,30.751816,-15.906524,24.892508,72.909256,WSLRLSCAASGFTFSSYSMAWVRQAPGKGLEWVSAISEGGDDIFHADSVKGRFTTSRDNFKSTLYLQMNSLRAEDTAVYY
44,76.05673,-23.250498,-2.063372,5.934045,20.833067,4.4281588,5.0256853,60.13729,-28.379047,27.607367,12.673407,23.582035,-17.140692,28.661028,72.75212,XSLRLSCAASGFTFSDYAMSWVRQAPGKGLEWVSSNSHSGASTYYADSVKGRFTISRDNSKNTLYLQMNSLRAEDTAVYY
45,85.26795,-28.367788,-6.50845,13.842724,41.371185,-20.44716,-9.0671835,29.936686,-49.213596,29.066893,20.832243,29.987091,-8.528974,1.2264206,48.73742,XTLSLTCTVSGGSITSHYWNWIRQPPGQGLEWVGSLYAGGSTYFHPSLKSRASISADASKNHFSLKLNSVTAADTAVYY
46,82.066734,-44.59546,10.5971985,6.459286,26.77391,-24.023668,-18.720127,46.870926,-58.23139,17.773579,17.310759,42.57857,-21.273855,9.108789,58.881428,XTLSLTCTVSGGSISTSNNYWDWIRQPPGKGLEWIGTIYYSGRTDYNPPLKSRVAMSVDTSMNQFSLRLTSVTAADTAVYY
47,59.71937,-11.034242,0.4383065,-4.9343305,13.5329075,-3.5932264,-1.3207268,42.919502,-35.614094,-6.5171385,-1.2527635,31.88324,-17.005474,44.72033,45.78744,TLSLTCTVSGGSINNYYWSWIRQPPGKGLEWSGYIYSSGDTNYNPSLKSRVTISVDASKKQFSLKVNSVTPADTAVYY
48,82.336044,2.8397856,-42.341175,-0.6139238,29.658232,-24.949244,-39.14028,8.81359,-37.218,-4.1444817,8.716688,54.234406,-50.284054,7.818354,51.57459,QLQLQESGPGLVKPSETLSLTCIVSGGSISSGRYYWGWIRQPPGKGLEWIGSIYNTGNTHYNSSLKSRVTISLDTSKNQFSLKLSSVTAADTAVYY
49,69.94413,-11.271519,9.605543,-3.674607,6.594153,-11.850055,-0.64662635,46.345417,-28.593544,5.4588146,-1.5112431,31.543417,-9.842067,35.183323,52.78223,TLSLTCAVYGGSFSGYYWSWIRQPPGKGLEWIGEINHSGSTNYNPSLKSRVTISVDTSKNQFSLKLSSVTAADTAVYY
50,74.26893,-30.366947,0.09504478,12.019818,26.1622,-31.385143,-14.553401,33.61744,-45.25582,21.422976,17.268072,35.806187,-15.443883,7.3759074,51.866894,XTLSLTCTVSGGSISSYYWSWIRQPPGKGLEWIGYIYYSGSTNYNPSLKSRVTISVDTPKNQFSLKLSSVTAADTAVYY
51,78.08955,-39.5405,10.851652,-0.5029055,28.584272,-24.497658,-23.92703,39.58349,-59.34188,18.480837,17.456741,45.898872,-21.264235,3.8003695,59.96082,XTLSLTCTVSGDSISSGDYYWTWIRQSAGKGLEWIGRIHTSGSTTYNAFLKSRISISMDTSKNQFSLQLTSVTAADTAVYF
52,74.56776,-7.6919856,13.244772,-7.1674423,13.098293,0.3067063,-2.247935,44.9024,-36.199894,20.66268,19.369463,30.044922,-13.72137,23.461988,70.04997,XWSLRLSCAASGFTFSSYDMHWVRQATGKGLEWVSAIGTAGDTYYPGSVKGRFTISRENAKNSLYLQMNSLRAGDTAVYY
53,82.55427,6.9582524,-23.900545,15.910527,4.8330617,20.421715,26.44473,43.320953,-44.317,-25.636862,10.014566,36.052532,-24.710093,87.680695,42.2709,EVHLVESGEGLVKPGGSLKLSCAASGFTFSSYAMSWVRQTPEKRLEWVAYISSGGDYIYYADTVKGRFTISRDNARNTLYLHMSSLKSEDTAMYY
54,70.259056,-33.69036,5.9898524,9.34713,28.036665,-32.376137,-14.085569,33.409344,-45.600563,22.531366,22.389784,29.538467,-15.722686,0.5548117,52.440754,TLSLTCAVSGGSISSTNWWTWVRQPPGEGLEWIGEIYHSGSTNYNPSLESRVTISVDKSKNHFSLRLSSVTAADTAVYY
55,70.93696,-32.181988,14.132086,6.885434,7.60599,-19.194216,-5.4031816,62.15576,-40.200764,23.343933,14.532923,39.36729,-16.846544,28.83386,76.38278,XSVKVSCKASGYSFTTYYVHWVRQAPGQGLEWMGIINPSDGSTTYAQRFRGRVTMTRDMSTSTVYMELSSLTSEDTAVYY
56,73.57586,-36.72087,1.7835346,12.7175455,28.075954,-31.236286,-13.275206,36.02331,-43.110287,20.740425,15.965307,31.263363,-15.354152,6.404507,50.16893,XTLFLTCTVSGGSISSYYWSWIRQPAGKGLEWIGRIYTSGSTNYNPSLKSRVTMSVDTSKNQFSLKLSSVTAADTAVYY
57,89.07288,-41.23917,6.6871085,25.310144,23.315325,-25.450914,-5.5878134,50.711098,-44.19538,29.26374,15.501837,31.736761,-5.345565,11.650757,53.87028,XETLSLTCTVSGGSIGRGNSYWTWIRQRPGKGLEWIASIYYSGTTYSNPSLKSRLTISVDTSKTQFSLSLKSVTAADTAVYY
58,77.13047,-29.439844,3.37137,7.1959,19.746584,-16.34124,-4.2508755,57.705017,-28.668076,37.742134,10.505384,30.698153,-11.653197,13.08492,74.46714,XSLRLSCATSGFTLRSYAMHWVRQGPGKGLEWVAVTWSDGNDRYYGPSVKGRFTISRDNSKNTLFLQMNSLRAEDTAVYD
59,54.776012,-13.833154,17.938099,2.5911348,5.347815,-9.119958,-4.4800153,52.963608,-44.19516,19.959675,17.912405,32.1462,-11.018355,23.322685,59.546974,XSVKVSCKAFGYSFTSYGITWVRQAPGQRLEWMGWISGHNGNKNYAQKFQGRVTLTTDTSTSTAYMELRSLRSDDTAVYY
60,77.20655,-34.96686,-1.5533069,13.12173,27.924067,-30.856815,-13.355103,36.69712,-42.039772,19.740786,17.05734,30.904173,-20.22273,7.5629697,52.234325,XTLSLTCTVSGGSISSHYWSWIRQPPGKGLEWIGYIYYSGSTNYNPSLKSRVTISVDTSKNQFSLKLSSVTAADTAVYY
61,81.6432,-34.221737,1.7911593,9.043166,31.001926,-19.833418,3.7126825,40.77425,-35.419712,32.62764,21.929232,27.60196,-4.9734716,13.578178,68.42106,XSLRLSCAASGFTVSSHYMSWVRQAPGKGLEWVSVIYSGGSTYYADSVKGRFTISRDNSKNTLYLQMNSLRAEDTAVYY
62,84.552605,-1.3699269,-37.582367,-9.793116,46.0006,-30.765533,-27.353071,9.006489,-52.77737,6.204129,14.500163,59.598427,-34.05125,9.564131,63.676502,QVQLQESGPRLVKPSETLSLTCSVSGVSISGSSYYWAWIRQTPGKGLEWIGSIYNSQYIYYSPSLKSRVALSIDKSNNQFSLNVRAVTAADTAIYY
63,93.118256,-35.279617,-3.1346438,15.162316,19.333055,-20.366207,-12.069279,64.59827,-60.264896,22.812313,25.64538,59.502888,-33.102013,47.170082,91.25992,XQLVQSGAEVKKPGSSVKVSCKASGGTFTSFAISWVRQAPGQGLEWMGGIIPIFGTAEYAQKFQGRLTFTADKITNTAYMELSSLRSDDTAFYY
64,76.03733,-35.287544,0.5235173,13.5266285,26.940413,-30.260271,-12.621712,38.30966,-42.999443,20.680414,15.568443,31.542103,-17.059454,8.20475,51.06267,XTLSLTCTVSGGSISSYYWSWIRQPPGKGLEWIGYIYTSGSTNYNPSLKSRVTISVDTSKNQFSLKLSSVTAADTAVYY
65,77.94124,-34.95074,18.334743,0.5359309,15.127951,-8.768108,-0.46288332,62.796333,-37.89201,23.370153,12.673884,29.630386,-12.938624,23.583635,72.40545,XSLRLSCAASGFSFSNYGMHWVRQAPGKGREWVAVIWYDGSNKNYVDSVKGRFTISRDDSKNTLYLQMNSLRAEDAAVYY
66,79.130554,-22.222116,3.7754047,18.682106,24.664875,-30.956057,-14.607804,37.872047,-48.919968,26.047613,11.443576,35.887688,-4.944461,10.757456,43.08572,XTLSLTCSVSGGSFTSYYWSWIRQHPGKGLEWIGYIHDSGSTYYNPSLKSRLSMSVETSNNQFSLKLSSVTAADTAVYY
67,80.12271,-8.366553,-50.14509,-6.1483603,46.392036,-19.708258,-35.415672,3.2422476,-49.858383,-8.6782255,6.4155397,63.684578,-44.89246,15.987843,52.334682,QLQLQESGPGLVKPSETLSLTCSVSGGSISGSSYYWGWVRQPPGRGLEWIGSAYHSGSTYYNPSLKSRVTISVDTSKNQFSLKLSSVTAADTALYY
68,62.944836,-14.712754,6.580438,3.212093,9.439502,-1.8903781,1.6345326,58.79765,-24.590057,24.204504,4.4402227,25.750576,-9.401446,30.094662,64.00833,XSLRLSCAASGFTFKNFGFHWVRQAPGKGLEWGALLSFDGVTKKYADSVKGRFTISRDNSKNSLYLQMNSLRPEDTAVYY
69,75.699455,17.563318,-50.0194,-6.6410437,34.609936,-12.877269,-25.437494,5.1864443,-20.566475,4.3667345,9.746273,37.644913,-44.413128,3.1077578,54.307594,QVQLQESGPGLVKPSQTLSLTCTVSGGSISSGDYYWSWIRQPPGKGLEWIGYIYYSGSTYYNPSLKSRVTISVDTSKNQFSLKLSSVTAADTAVYY
70,75.81991,0.36643362,3.253043,13.812366,7.357409,-12.227204,30.208565,71.30024,-27.312277,46.3564,16.580927,18.28881,4.709832,33.65291,71.59018,EVQLVESGGGLVQPGGSLKLSCVASGFTFSASAMHWVRQASGKGLEWVGRIGPKSHSYATAYAASLTGRFSISRDDSRDTAYLQMSGLRTEDTAMYY
71,107.97829,-23.47278,-1.0683979,-7.373253,27.995863,-25.268545,-26.119291,48.24344,-62.766148,18.48533,7.774744,73.446465,-24.4028,34.40091,86.06137,QQLVQSGPEVKKPGASVKVSCKASGYTFTSYYIIWVRQATGQGLEWMGWMNPNSGQTGYAQNFQGRVIMTRDTSVSTAYMDLSSLTSADTAVYY
72,59.022686,12.796269,14.683849,17.510113,-24.289074,16.79695,36.251427,81.5823,-36.77764,17.343313,12.802458,22.925283,-4.0419416,70.65887,55.13194,QIHLVESGGGVVQPGRSLRLSCAASGFTFSNYAMHWVRQAPGKALEWVARISYDETNKYYADSVRGRFTISRDNSKSTVYLQMNSLRPEDTAVYF
73,83.29589,-34.022705,-1.8119205,10.669417,35.105667,-16.741354,4.281968,38.58997,-34.233406,32.29364,20.593891,26.656124,-2.7298727,15.745188,66.84321,XSLRLSCAASGLTVSSNYMSWVRQAPGKGLEWVSVIHSGGTTYYADSVKGRFTISRDNSKNTVYLQMNSLRAEDTAVYY
74,75.59663,-27.605925,10.122028,1.9367808,12.474651,-19.824772,-10.123754,44.962532,-39.207256,13.105316,14.461492,32.263157,-23.407698,14.293224,58.620422,TLSLTCTVSGGSISSGSYYWSWIRQPAGKGLEWIGYIYTSGSTNYNPSLKSRVTISVDTSKNQFSLKLSSVTAADTAVYY
75,77.759224,-6.212679,18.191662,-16.412806,-1.9350028,17.514936,8.370099,43.986225,-57.738503,-33.34458,22.920675,37.641678,-34.776035,62.78672,56.910145,EVQLVQSGAEVKKPGESLKISCKGSGYSFTSYWIGWVRQMPGKGLEWMGIIYPGDSDTRYSPSFQGQVTISVDKSISTAYLQWSSLKASDTAMYY
76,64.84852,-23.868006,-19.00418,-7.162236,44.518425,-34.418755,-41.31711,6.8766775,-44.987373,3.2371645,21.402203,34.47463,-46.297504,-16.676594,45.979237,QVTLRESGPTLVKPAQTLTLTCTFSGFSLSTDGVGVGWIRQPPGKAPEWLALIYWDDDQRYSPSLKNRLTIMKDTSKNQVVLIMISMDPLDTATYY
77,71.69849,-23.707787,7.079168,7.3870463,14.696798,-12.099631,-3.4096863,50.032867,-41.936554,18.238771,14.765769,28.795408,-17.38008,18.291075,55.260605,TLSLTCTVSGDSISGRSYYWGWIRQPPGEGLQWIASMSYNGNTYYNPSLKSRVTISVDTSKNQFSLKLSSVTAADTAMYY
78,78.18984,-37.773228,1.8752705,11.190989,30.446196,-27.67905,-8.931003,35.44857,-51.7187,14.864265,24.347017,31.664398,-20.744305,11.831566,53.35985,XTLSLTCTVYGGSLSGYWWSWIRQSPGKGLEWIGEIYPTGRTDYNPSLMSRVTISVDTSKNQFSLKLSSVTAEDTAVYY
79,55.668705,-6.782601,-0.5170892,0.5503363,16.644022,-4.840672,2.7204473,17.679419,-26.995354,13.94149,20.913982,17.163261,-8.103301,2.7668498,39.943798,XAYAASVKGRFTISRDDSKNTLYLQMNSLRAEDTAVYY
80,105.18892,-34.884422,-10.145414,7.3462915,21.192175,-30.629715,-36.31804,56.940224,-66.46807,12.3859,13.652273,77.2068,-48.36654,38.401314,87.00415,VQLQQSGAELVRPGALVKLSCKASGFNIKDYYMHWVKQRPEQGLEWIGWIDPENGNTIYDPKFQGKASITADTSSNTAYLQLSSLTSEDTAVYY
81,87.40772,-0.848207,-31.787855,-33.79643,28.574083,-1.8403836,-16.291399,8.971923,-44.661537,-44.10162,0.08083516,63.1369,-51.948364,57.117886,63.990337,QVQLQESGPGVVKPSGTLSLTCTFSGDSISSNHWWTWVRQPPGKGLEWIGEIFNSGSTNYNPSLKSRVTMSVDKSKNLFSLKVTSVTAADTAMYY
82,71.06637,-11.05778,14.240503,-6.192708,5.7171063,-10.845864,0.086821705,48.0963,-30.87218,6.2056427,3.4709842,29.810846,-11.8363905,33.310963,56.373135,TLSLTCSVYGGSFSGYYWSWTRQPPGKGLEWIGEINHSGSTNYNPSLKSRVTISVDTSKNQFSLKLSSVTAADTAVYY
83,78.15801,-30.667542,5.84255,15.418119,17.186878,-4.6159697,2.2234356,52.99893,-37.748608,20.945223,18.267231,26.285269,-12.159116,25.12181,59.384377,XRSLRLSCEASGFTFTTYAMGWVRQAPSKGLEWVSSISASGGLTYYADSVKGRFTITRDNSKTTLYMQMNSLRAEDTAVYY
84,79.676895,-22.656479,6.4354243,4.874762,11.279825,-15.156648,-8.911797,47.447353,-39.159348,15.714263,18.382605,31.173494,-27.997154,16.570711,61.968864,XLSLTCTVSGGSISSDSDYWTWIRQPAGKGLEWIGRVSGTGTTNYNPSLKSRVTISIDTSNNQFSLKMASVTAADTAVYF
85,86.396,-20.72092,-3.8296301,13.918176,13.796902,-5.2515326,-7.000817,57.97471,-39.212933,6.8628016,12.758451,29.415947,-32.85468,32.554394,56.368526,XRSLRLSCAAAGFTFSDHYMDWVRQAPGKGLEWVARSRNKAKSYSTEYAASVKGRFTISRDDSNNSLYLQMDSLKVEDTAVYY
86,69.41288,-36.099266,9.231227,12.465839,28.586866,-32.126343,-10.664152,33.532288,-49.533237,20.424704,18.74726,31.908844,-5.808921,7.6986966,46.940563,XTLSLTCAVHGVSFGGYYWTWIRQPPGKGLEWIGEINHDGSTNYNPSLKSRVTISLDTSKNQFSLKVNSVTAADTAVYY
87,69.96877,-27.503407,0.7968175,12.787463,33.248325,-22.76914,-11.432575,31.726812,-42.00593,27.695541,21.950754,21.644981,-11.891185,-2.4449766,46.26107,TLSLTCAVSGYSISSGYYWGWIRQPPGKGLEWIGSIYHSGSTYYNPSLKSRVTISVDTSKNQFSLKLSSVTAADTAVYY
88,77.35461,-33.862766,9.682232,5.273853,29.263018,-17.078226,-13.525741,40.038773,-49.589584,23.422102,8.240944,37.896763,-3.092864,7.5175233,49.838863,XTLSLTCSVSDGSISTTNYYWGWLRQPPGKGLEWIGSIFYTGSTYYNPSLNSRVSFSIDTSENHFSLRLNSVTAADTAVYY
89,72.08698,-27.517477,19.512794,8.98723,8.371559,-17.582306,-8.812611,50.3526,-53.55813,16.976538,20.171167,42.418114,-11.3500395,25.003767,62.053333,XSVKVSCKASGYTFTSYDINWVRQATGQGFEWMGWMNPKNGNTGYAPKFQGRLTMTRNTSISTAYMELSSLRSEDTAVYY
90,71.96679,1.2944684,13.993303,17.058765,-12.081036,16.632038,27.837872,73.75585,-38.216637,5.730201,8.459068,28.123177,0.4981737,71.20109,54.156307,QAHLVASGGGVVEPGGSLRLSCAASTFRLRTKSIHWVRQAPGKGLQWVAAISYTGLKIYYADSLKGRFTISRDRNKNTFYLQMDGLRRDDTATYY
91,83.23909,-34.641773,-0.4116481,15.10937,26.288769,-23.93205,-5.2531857,51.880432,-49.43714,24.08383,10.212644,46.22644,-5.6745863,29.500055,64.60126,XSLRLSCTASGFIFRDYAMTWFRQAPGKGLEWVGLIRSETYGGTTEYAPSVKGRFIISRDDSKNIAYLEMNSLKTEDTAVYY
92,105.74969,-25.041065,-10.240026,-11.661773,31.386679,-24.689003,-25.66418,37.349243,-64.214935,0.33777165,-11.695503,85.79518,-15.669265,48.379967,72.828186,GQLVQSGAEVKKPGESLKISCKGSGYSFTSYWIGWVRQMPGKGLEWMGIIYPGDSDTRYSPSFQGQVTISADKSISTAYLQWSSLKASDTAMYY
93,90.14889,-49.094673,6.3801475,7.961495,29.919065,-24.79207,-20.536194,49.39678,-62.213745,17.182535,16.13554,47.617867,-25.041338,10.075634,62.14225,XTLSLTCTVSGGSISSGGYYWSWIRQHPGKGLEWIGYIYYSGGTYYNPSLKSRVTISVDTSKNQFSLKLSSVTAADTAVYY
94,65.65206,-12.0490265,3.220371,-0.8548069,10.471952,-3.029746,0.11523357,53.63724,-22.374447,24.87872,-1.5102332,33.49312,-5.781955,34.36899,67.377235,GSLRLSCAASGFTFSDYYMSWIRQAPGKGLEWVSYISSSGSTIYYADSVKGRFTISRDNAKNSLYLQMNSLRAEDTAVYY
95,76.03733,-35.287544,0.5235173,13.526635,26.940413,-30.260271,-12.621712,38.30966,-42.999443,20.680414,15.568443,31.542103,-17.059454,8.20475,51.06267,XTLSLTCTVSGGSISSYYWSWIRQPPGKGLEWIGYIYTSGSTNYNPSLKSRVTISVDTSKNQFSLKLSSVTAADTAVYY
96,88.774734,-42.813084,-3.730837,0.35832202,30.982035,-14.500575,-20.82593,49.42671,-41.583195,23.148558,10.603375,41.23483,-31.766035,7.3296285,72.95265,XTLSLTCTVSCGSISSSTFYWGWSRQPPGKGLEWIASIYYSGSTYYNPSLKRRVTISVDTSKNQFSLKLSSVTAADTAVYY
97,82.11189,-38.10744,5.9616923,24.13679,12.569929,-12.378333,5.1671004,66.44824,-36.947395,26.523523,9.150752,30.967993,-6.040576,29.659933,60.22833,QSGGSLRLSCAASGFTVSSNYMSWVRQAPGKGLEWVSVIYSGGSTYYADSVKGRFTISRDNSKNTLYLQMNSLRAEDTAVYY
98,91.123924,-29.880936,-16.78034,19.62493,23.928581,-25.210857,-14.613597,49.897636,-46.43087,27.658579,7.5486517,52.463173,-22.664537,23.534466,65.18997,QSGAEVKKPGASVKVSCKVSGYTLTELSMHWVRQAPGKGLEWMGGFDPEDGETIYAQKFQGRVTMTEDTSTDTAYMELSSLRSEDTAVYY
99,107.63111,-35.77845,-12.190613,16.265568,27.59889,-29.041136,-14.170447,61.491093,-59.855114,28.342308,24.398497,64.51081,-33.129295,41.956112,96.48412,XQLVQSGAEVKKPGSSVKVSCKASGGTFSSYAISWVRQAPGQGLEWMGGIIPIFGTANYAQKFQGRVTITTDESTSTAYMELSSLRSEDTAVYY
